market,service,plan,monthly_price,currency,max_accounts,lossless_included,source_url,checked_on
India,Spotify,Free (ad-supported),0,INR,1,No,https://www.spotify.com/in-en/premium/,2026-10-09
India,Spotify,Premium Student,69,INR,1,No,https://www.spotify.com/in-en/premium/,2026-10-09
India,Spotify,Premium Standard,139,INR,1,No,https://www.spotify.com/in-en/premium/,2026-10-09
India,Spotify,Premium Standard (12-month prepaid; 1390 per year),115.83,INR,1,No,https://www.spotify.com/in-en/premium/,2026-10-09
India,Spotify,Premium Platinum,299,INR,3,Yes,https://www.spotify.com/in-en/premium/,2026-10-09
India,Apple Music,Student,69,INR,1,Yes,https://www.apple.com/in/apple-music/,2026-10-09
India,Apple Music,Individual,139,INR,1,Yes,https://www.apple.com/in/apple-music/,2026-10-09
India,Apple Music,Family,229,INR,6,Yes,https://www.apple.com/in/apple-music/,2026-10-09
USA,Spotify,Premium Student,6.99,USD,1,Yes,https://www.spotify.com/us/premium/,2026-10-09
USA,Spotify,Premium Individual,12.99,USD,1,Yes,https://www.spotify.com/us/premium/,2026-10-09
USA,Spotify,Premium Duo,18.99,USD,2,Yes,https://www.spotify.com/us/premium/,2026-10-09
USA,Spotify,Premium Family,21.99,USD,6,Yes,https://www.spotify.com/us/premium/,2026-10-09
USA,Apple Music,Student,6.99,USD,1,Yes,https://www.apple.com/apple-music/,2026-10-09
USA,Apple Music,Individual,11.99,USD,1,Yes,https://www.apple.com/apple-music/,2026-10-09
USA,Apple Music,Family,19.99,USD,6,Yes,https://www.apple.com/apple-music/,2026-10-09
